"First Name","Last Name"
"Patrick","Harris"
"Charlie","Chapman"
"Ryan","Bennett"
"Oliver","Holmes"
"Carlos","Crawford"
"Maria","Cole"
"Annabella","Reed"
"Chester","Ross"
"Anna","Anderson"
"Tiana","Crawford"
"Maria","Cunningham"
"Carl","Payne"
"Jared","Edwards"
"Camila","Douglas"
"Sam","Andrews"
"Stella","Howard"
"John","Cole"
"Lyndon","Thompson"
"Ned","Brown"
"Marcus","Elliott"
"Max","Carter"
"Naomi","Richards"
"Sofia","Ellis"
"Violet","Grant"
"Sienna","Clark"
"Adam","Watson"
"Tiana","Farrell"
"Amber","Cunningham"
"Lucia","Ryan"
"Dale","Walker"
"Andrew","Wilson"
"Andrew","Higgins"
"John","Williams"
"Carl","Thompson"
"Walter","Allen"
"Derek","Adams"
"Elise","Russell"
"Savana","Bailey"
"George","Mitchell"
"Camila","Moore"
"Alan","Hunt"
"Paul","Andrews"
"Miranda","Carter"
"Deanna","Tucker"
"Preston","Riley"
"Kelsey","Nelson"
"Vincent","Crawford"
"Kelvin","Barnes"
"Lyndon","Gray"
"Jared","Cunningham"
"Camila","Harrison"
"Michelle","Foster"
"Frederick","Clark"
"Olivia","Wells"
"Michelle","Reed"
"Hailey","Martin"
"Fenton","Williams"
"Evelyn","West"
"Elise","Nelson"
"Adele","Stevens"
"Vanessa","Casey"
"Alisa","Carter"
"Vivian","Adams"
"Florrie","Harper"
"Alfred","Hawkins"
"Isabella","Perry"
"Stella","Wright"
"Mary","Hamilton"
"Elise","Kelly"
"Leonardo","Spencer"
"April","West"
"Byron","Barnes"
"Elian","Walker"
"Heather","Harris"
"Caroline","Payne"
"Carlos","Elliott"
"Lyndon","Higgins"
"Amy","Wilson"
"Edgar","Howard"
"Carina","Holmes"
"Jack","Howard"
"Ted","Payne"
"Adison","Sullivan"
"Olivia","Smith"
"Andrew","Ryan"
"Connie","Farrell"
"Elian","Thomas"
"Dainton","Campbell"
"Edwin","Murphy"
"Nicholas","Cameron"
"Sam","Armstrong"
"Leonardo","Rogers"
"Paige","Robinson"
"Olivia","Allen"
"Alberta","Mitchell"
"Wilson","Bailey"
"Jacob","Johnston"
"Alina","Sullivan"
"Sydney","Foster"
"Hailey","Bailey"
"Michael","Perkins"
"Reid","Brown"
"Rafael","Sullivan"
"Alford","Perry"
"Ted","Barnes"
"Kimberly","Perkins"
"Walter","Thompson"
"Leonardo","Mason"
"Max","Roberts"
"Tyler","Craig"
"Deanna","Mason"
"Alisa","Miller"
"Carl","Gibson"
"Deanna","Cameron"
"Maximilian","Johnson"
"Mary","Martin"
"Naomi","Wilson"
"Edgar","Wells"
"Penelope","Perry"
"Stuart","Ellis"
"Charlotte","West"
"Abraham","Ferguson"
"Miranda","Harrison"
"Abigail","Harper"
"Thomas","Cunningham"
"Kirsten","Walker"
"Dainton","Alexander"
"Alfred","Craig"
"Richard","Perkins"
"Tony","Harper"
"Frederick","Carter"
"Vanessa","Cooper"
"Maya","Bailey"
"Patrick","Anderson"
"Ned","Stevens"
"Miley","Morris"
"Daryl","Higgins"
"Amanda","Ryan"
"Lucas","Murphy"
"Victoria","Anderson"
"Lana","Payne"
"Vivian","Hamilton"
"Garry","Roberts"
"Jacob","Ferguson"
"Florrie","Owens"
"Maria","Barnes"
"Kevin","Cooper"
"Julian","Parker"
"Ryan","Ellis"
"Sienna","Farrell"
"Elian","Howard"
"Kellan","Kelley"
"Aida","Richardson"
"Vanessa","Evans"
"Joyce","Perkins"
"Jack","Barnes"
"Albert","Hamilton"
"Steven","Jones"
"Maddie","Morgan"
"Connie","Richards"
"Frederick","Hawkins"
"Alisa","Tucker"
"Edwin","Harrison"
"Jared","Sullivan"
"Tara","Adams"
"Aiden","Perry"
"Catherine","Turner"
"John","Hall"
"Kellan","Adams"
"Valeria","Crawford"
"Luke","Myers"
"Freddie","Cameron"
"Adrianna","Smith"
"Preston","Grant"
"Daryl","Edwards"
"Aston","Richardson"
"Jacob","Harris"
"Alissa","Holmes"
"Rubie","Hamilton"
"Tara","Edwards"
"Max","Douglas"
"Tiana","Spencer"
"Thomas","Henderson"
"Vanessa","Parker"
"Aida","Hill"
"Rubie","Chapman"
"Kevin","Hill"
"Elise","Owens"
"Arnold","Harris"
"Ryan","Dixon"
"Julia","Turner"
"Martin","West"
"Elise","Wilson"
"Savana","Williams"
"Edith","Anderson"
"Ellia","Carroll"
"Ryan","Moore"
"Vincent","Harper"
"Julia","Farrell"
"George","Hawkins"
"David","Riley"
"Rafael","Carroll"
"Briony","Alexander"
"Myra","Chapman"
"Vanessa","Brown"
"Alen","Cameron"
"Adam","Harper"
"Aldus","Crawford"
"Maddie","Perry"
"Spike","Spencer"
"Kelsey","Johnson"
"Derek","Morrison"
"Amanda","Martin"
"Annabella","Nelson"
"Rosie","Martin"
"Sofia","Armstrong"
"Freddie","Watson"
"Maddie","Walker"
"Honey","Clark"
"Cherry","Kelly"
"Kelvin","Baker"
"Ned","Mitchell"
"Haris","Harrison"
"Alexander","Thomas"
"Blake","Grant"
"Lenny","Anderson"
"Amber","Clark"
"Natalie","Howard"
"Reid","Robinson"
"Alina","Kelly"
"Brianna","Tucker"
"Sofia","Morgan"
"Lucas","Nelson"
"Garry","Farrell"
"Alan","Elliott"
"Rubie","Richardson"
"Catherine","Cooper"
"Briony","Wright"
"Aldus","Turner"
"Sabrina","Miller"
"Dainton","Watson"
"Adam","Evans"
"Roland","Rogers"
"John","Murray"
"Fenton","Wright"
"Gianna","Taylor"
"Eleanor","Reed"
"Carl","Hall"
"Olivia","Robinson"
"Tara","Russell"
"Spike","Cooper"
"Charlie","Spencer"
"Edwin","Turner"
"Myra","Williams"
"Roman","Barnes"
"Miller","Martin"
"Penelope","Anderson"
"Kevin","Campbell"
"David","Morgan"
"Tiana","Payne"
"Henry","Harris"
"Isabella","Wright"
"Abraham","Riley"
"Alan","Reed"
"Maximilian","West"
"Lana","Ferguson"
"Cherry","Kelley"
"Agata","Watson"
"Adam","Brooks"
"Charlotte","Reed"
"Maya","Dixon"
"Tara","Murphy"
"Myra","Evans"
"Daniel","Gibson"
"Byron","Turner"
"Sofia","Montgomery"
"Michelle","Roberts"
"Emily","Richardson"
"Eleanor","Rogers"
"Savana","Ferguson"
"Albert","Bailey"
"Sarah","Rogers"
"Joyce","Allen"
"Adele","Harris"
"Fenton","Morgan"
"Eddy","Turner"
"Melissa","Reed"
"Rebecca","Thompson"
"Ada","Alexander"
